飞尔顿 护手护腕 单拍不发货,https://item.jd.com/10120068847.html,29.00,1318146312109,6727,飞尔顿旗舰店,https://feierdun.jd.com
adidas阿迪达斯综合训练器 多功能龙门架杠铃架 史密斯机 仰卧板 家用大型健身器材 10500裸机,https://item.jd.com/10478806535.html,5319.00,1318146312109,132345,BH必艾奇健身器材专营店,https://baqyd.jd.com
军霞(JUNXIA)家用 多功能综合训练器 大型力量械 家用健身器材 单人站组合健身器材 JX-DS910,https://item.jd.com/10073815376.html,1399.00,1318146312109,9881,军霞健身器旗舰店,https://junxiajianshen.jd.com
康强综合训练器 多功能力量械 家用健身器 三人站组合健身器材 三人站-包胶60KG配重,https://item.jd.com/10560771606.html,2980.00,1318146312109,10357,康强旗舰店,https://kangqiang.jd.com
军霞930 综合训练器 多功能力量械 家用健身器 三人站组合健身器材 大型 综合力量训练器 JX-DS930,https://item.jd.com/10097768148.html,2988.00,1318146312109,9881,军霞健身器旗舰店,https://junxiajianshen.jd.com
康强综合训练器家用商用G905B多功能健身器材五人站升级版 G905B六人站升级版 上门安装,https://item.jd.com/1679191070.html,6980.00,1318146312109,10357,新生活健身器材,https://sxxsh.jd.com
阿迪达斯Adidas综合训练器 家用多功能大型健身器材组合力量训练器械ADBE-10250 综合机10250,https://item.jd.com/1465368383.html,5880.00,1318146312109,132345,玛多运动健身专营店,https://mall.jd.com/index-25609.html
adidas阿迪达斯综合训练器 多功能龙门架杠铃架 史密斯机 仰卧板 家用大型健身器材 10500+10238裸机,https://item.jd.com/10707004302.html,6999.00,1318146312109,132345,BH必艾奇健身器材专营店,https://baqyd.jd.com
康强综合训练器多功能大型力量组合训练器械健身房五人站 2016升级版健身器材 上门安装,https://item.jd.com/1494109335.html,6800.00,1318146312109,10357,力动运动健身专营店,https://mall.jd.com/index-50002.html
BH必艾奇综合训练器 家用多功能大型力量训练器械H111R,https://item.jd.com/1757383348.html,5980.00,1318146312109,4842,动亦健健身器材专营店,https://omayd.jd.com
美力德 单人站综合训练器 大型多功能健身器材家用力量组合器械MLD705 单人站-不上楼不安装,https://item.jd.com/10207388348.html,1698.00,1318146312109,75130,美力德专卖店,https://mall.jd.com/index-202841.html
美力德 综合训练器 大型多功能健身器材家用力量组合器械单人站MLD705,https://item.jd.com/1447690998.html,2098.00,1318146312109,75130,美力德健身器材旗舰店,https://meilide.jd.com
军霞JX三人站综合训练器 家用力量训练大型器械多功能健身器材 JX-930 JX-DS930+上门安装,https://item.jd.com/10358472147.html,2999.00,1318146312109,9881,予力运动专营店,https://yuliyd.jd.com
美国HARISON 汉臣力量综合训练器械 多功能家用商用力量训练机 健身房大型健身器材 HR-115G单人站,https://item.jd.com/10113603970.html,2980.00,1318146312109,184334,汉臣运动健身器材专营店,https://harison.jd.com
艾威EVERE力量综合训练器多功能组合三人站 训练健身器材GM6790,https://item.jd.com/1059532779.html,2980.00,1318146312109,30173,康晨健身器材专营店,https://mall.jd.com/index-49533.html
军霞JX-DS930家用三人站大型器械力量训练套装组合多功能健身器材,https://item.jd.com/10299220640.html,2980.00,1318146312109,9881,军霞领舰商贸专卖店,https://mall.jd.com/index-93702.html
启迈斯 大型多功能健身器材家用运动力量组合器械健身房综合训练器 综合训练器三人站,https://item.jd.com/10721525551.html,2799.00,1318146312109,30217,启迈斯速迈专卖店,https://mall.jd.com/index-105851.html
Adidas阿迪达斯综合训练器单人站家用多功能力量健身器材,https://item.jd.com/1602752629.html,4690.00,1318146312109,132345,adidas健身训练旗舰店,https://adidas888.jd.com
力动（RIDO）综合训练器多功能 家用健身房大型健身器材组合力量训练器械G3 综合训练器+全国联保,https://item.jd.com/1444390527.html,2599.00,1318146312109,11355,力动旗舰店,https://mall.jd.com/index-50346.html
西班牙BH 训练凳 平凳可调式哑铃椅 卧推器 进口商用 举重床 腹肌板 健身房专用 L820上斜式举重架,https://item.jd.com/10176098455.html,13500.00,1318146312109,4842,BH动亦健专卖店,https://dongyijian.jd.com
JTH-813史密斯机龙门卧推架家用多功能分体组合深蹲架举重床健身器材哑铃凳力量综合训练器,https://item.jd.com/1526155249.html,2480.00,1318146312109,59983,晖歌健身运动专营店,https://mall.jd.com/index-128821.html
迈康卧推架举重床杠铃床套装深蹲架多功能家用健身综合训练器材 大力神版高拉举重床50kg杠铃,https://item.jd.com/10205091582.html,1099.00,1318146312109,45932,杨森户外专营店,https://yangsenhuwai.jd.com
seha综合训练器大型家用多功能健身器材力量组合器械健身房综合训练器蹬腿组合力量套装四人站 0701A四人站带脚蹬带沙包40*80优质大管,https://item.jd.com/1395938852.html,2980.00,1318146312109,50195,SEHA升浩运动旗舰店,https://mall.jd.com/index-26879.html
品健 多功能举重床 杠铃架 杠铃床 卧推凳卧推架 可带杠铃套装 家用健身器材力量综合训练器 举重床+55kg环保杠铃套装 更多含杠铃套餐,https://item.jd.com/1660715518.html,1030.00,1318146312109,13986,品健旗舰店,https://pinjian.jd.com
欧洲BH必艾奇综合训练器材G156/G152/G112X/G119X力量组合 器械健身 G152X三人站,https://item.jd.com/10502542782.html,7920.00,1318146312109,4842,候宇健身器材专营店,https://mall.jd.com/index-87620.html
【包上门安装】双牌 综合训练器 多功能 家用健身房大型健身器材 综合训练器-三人站(送PU皮吊式沙袋加雷电仰卧板),https://item.jd.com/10296322043.html,3188.00,1318146312109,16106,双才健身器械专营店,https://mall.jd.com/index-151185.html
三维史密斯机3D龙门架 BN-200 私教工作室 深蹲卧推杠铃 多功能综合训练器材 (11月大促)拍下即送60KG杠铃片和训练凳,https://item.jd.com/1682895863.html,5680.00,1318146312109,118094,新生活运动器械专营店,https://newlife.jd.com
盼你乐阴茎增大器 锻炼器 训练器 阴茎增长增粗早泄治疗延时阳痿早泄助勃男性增大增粗 黄色,https://item.jd.com/10609285590.html,2930.00,1318146312109,76686,德佳健身训练专营店,https://mall.jd.com/index-591102.html
迈高登 多功能举重床卧推架杠铃床套装杠铃架深蹲架 升级高拉分体举重床80kg杠铃,https://item.jd.com/10087845542.html,1210.00,1318146312109,119114,迈高登旗舰店,https://maigaodenghuwai.jd.com
品健多框式功能龙门架举重床杠铃深蹲架卧推架床力量综合训练器健身房商用专业健身器 灰色龙门架,https://item.jd.com/1437357777.html,1390.00,1318146312109,13986,品健健身器材旗舰店,https://mall.jd.com/index-48502.html
力景特 健身器材杠铃床 多功能举重床卧推架 深蹲架 杠铃架 配杠铃套餐 举重床+100KG环保杠铃,https://item.jd.com/1112312378.html,1285.00,1318146312109,52474,力景特运动健身旗舰店,https://jianshen51.jd.com
举重床健身器材家用卧推架 商用健身房杠铃架杠铃床深蹲架 黑色 轻商用卧推架,https://item.jd.com/10738899536.html,1480.00,1318146312109,30173,金悦动运动专营店,https://mall.jd.com/index-87082.html
艾威银冰综合训练器械多功能家用三人站力量健身器材GM6580 送货上楼包安装 详情咨询客服,https://item.jd.com/10501859698.html,2900.00,1318146312109,30173,杰森运动专营店,https://jiesen.jd.com
舒华健身用品综合训练器 家用健身器材 单人站/三人站/五人站 三人站/SH-5103,https://item.jd.com/10721673084.html,8680.00,1318146312109,37473,舒华官方旗舰店,https://shuhua.jd.com
美力德 MLD9012大型健身器材家用多功能 力量组合综合训练器健身房 不上楼不安装,https://item.jd.com/10505873464.html,2675.00,1318146312109,75130,美力德运动户外专营店,https://mall.jd.com/index-591468.html
美国汉臣HARISON 力量综合训练器械 专业三人站 健身房综合训练机 HR-119G,https://item.jd.com/1275435349.html,4380.00,1318146312109,184334,汉臣健身训练专营店,https://kaipute.jd.com
KYLIN 六人站综合训练器械 家用力量多功能组合健身器材 商用高低拉,https://item.jd.com/1385671636.html,4958.00,1318146312109,67616,KYLIN SPORT旗舰店,https://kylin.jd.com
本能-310家用商用健身房专用多功能健身器材私教工作室多功能综合训练器大型组合力量型包邮 免维护自由力量训练器,https://item.jd.com/10380302587.html,2999.00,1318146312109,118094,BeneFITness旗舰店,https://benefitness.jd.com
深蹲杠铃卧推架子哑铃凳多功能家用史密斯训练室内分离体式举重床综合训练器械健身器材 深蹲架+杠铃凳+60公斤杠铃,https://item.jd.com/10328404676.html,1050.00,1318146312109,45932,易持健运动专营店,https://mall.jd.com/index-208570.html
